pca_1,pca_2
-1777.6532421194415,-52.527078029614025
-1772.4304117284853,92.00385062031403
-1775.0813562275255,-5.243504147289723
-1756.083266627425,-25.410507203790246
-1779.8574746008742,4.903152486041697
-1740.3985623907379,7.22393852434098
-1745.0256402852776,-1.1365097017599235
-1740.2023511664524,-4.112190960164966
-1802.4307297292826,403.6667655780634
-1798.139978461409,197.45099291631726
-767.5092483833473,426.40606979388934
-1788.946320866764,127.2861494183991
-1799.2589975713847,92.0024214983682
-1793.9050254494462,96.60659737239729
-1792.2991122611581,-0.30261464528038934
-1614.2078833197534,90.8798340433538
-1738.0961098114158,49.93842506652148
-1784.1687155048817,120.10504039108922
-1799.883326922243,226.95813910613876
-1788.1647537145348,-33.860441132613815
-1784.0725265851404,-46.75049848308655
-1787.571312307881,31.735307367813057
-1789.6216447420265,7.741791684443352
-1780.6354092799315,30.75562403438942
-1766.090692023334,12.85006822828873
-1777.0438935299787,69.3424796262632
-1781.1772774371946,78.24308436939472
-1797.1162116211617,338.1445471877272
-1797.4560616479414,289.8894771435299
-1784.7221480314688,248.51314379054358
-1778.4826882090333,61.99079525457633
-1781.3642053542437,157.46938826860156
-1791.1329092799858,237.49465966839455
-1779.5857199614372,158.83565351415743
-1796.1306869871448,220.55781294560123
-1783.486374832978,142.9769006272279
-1774.4672121400595,205.20864992609893
-1793.936132035767,62.40226640300409
-1778.0044928145103,186.839166501966
-1777.0063269322377,160.94899264821146
-1769.2357766994467,56.52240893360995
-1765.3625782966958,30.396202143644775
-1770.3368233257718,-16.054460281851494
-1772.9533701544453,227.05057505359107
-1792.9611920252191,26.68715544800188
-1773.3748390169544,-74.05031915746275
-1794.3031217077455,59.47862490579883
-1788.4422475168583,-16.33799373531019
-1795.4485266046454,94.86314559364396
-1792.2233401282303,-18.772623978665614
-1791.6654329980042,11.96752002848491
-1792.796493915194,154.51219111353905
-1796.0876580879992,123.03575494533038
-1796.8244654046327,138.94255161842324
-1789.9425508262602,3.713377440507272
-1795.7882432000463,117.60722626574955
-1793.706979083887,26.943976233135363
-1783.0360516077053,-33.100810592709415
-1781.68621233495,-44.59882490527868
-1788.0216982790532,109.5926369102397
-1788.5147180013525,123.79718186979707
-1786.4670350690506,95.40185359559955
-1780.0871830770157,-29.879754979603522
-1793.0890665911927,116.48039105931588
-1795.2567776746823,13.344619892846001
-1790.1908134707849,63.738371938338815
-1796.7642097913483,174.814718434187
-1789.0807027292485,-35.22051253518475
-1781.4671077888725,41.95619235485458
-1770.033618591339,-67.15277739973536
-1789.3787827698939,-20.536337724155135
-1774.9499067005174,-9.768254895997101
-1770.3506656125262,-14.329723050099798
-1785.0040582636211,51.126846560323784
-1789.9138359133187,84.50988066195966
-1797.3449395169534,83.59717750900715
-1787.7357036973306,-36.872557125760615
-1779.9311311839922,-96.64334723904553
-1767.3030316965308,-82.68221869841427
-1782.6075095028036,-79.6871244881727
-1793.9859476959944,70.02640000745728
-1796.2675541556819,2.029278435757478
-1781.7116879248154,-51.797835705597386
-1795.9748835155299,23.839819633128265
-1795.4729229354289,71.33903017927186
-1789.419652714521,-23.373286524029588
-1794.9833206145843,99.35710204573913
-1779.2635751250893,82.38149031206798
-1776.01223223521,-112.51439918683806
-1765.4590591772273,-164.13721222031438
-1795.8166481352982,120.09369583530224
-1781.4046517893107,-6.943933882842016
-1798.707443994817,150.4090874100388
-1782.8542962771146,13.881470165398868
-1791.4357694194132,-67.21991054936534
-1794.7611359903444,5.466487840767188
-1786.9338458625884,-102.1570007704332
-1798.7030152255486,18.545671036480766
-1795.2038554602966,-35.89329252354986
-1794.0918005689643,26.142995187703967
-1789.2357355322492,-28.013724346989612
-1797.5144432261322,-0.4620264954831205
-1795.0753305793362,-5.789811640416424
-1796.1802533996783,10.026291978269645
-1798.2158154882286,-45.842238262840006
-1794.9832278967401,47.21690798041677
-1772.650403347967,71.0302202979865
-1776.6450763686314,-26.548662217414876
-1794.7459548846273,47.57746552950199
-1784.3801288873628,49.673236642804575
-1799.026342209677,229.18224723517343
-1799.2047258653486,49.162360023981925
-1680.7126448094914,-138.4883706468441
-1769.9040192398627,2.1435213217402276
-1791.3638218679694,-28.538104497450462
74422.81640761791,-765.7003672320604
-1568.1196048182724,-206.27083921788852
-1775.0287044900078,76.09639644633265
-1801.1140897954913,246.34561638053486
-1794.6960078238703,50.556545914506955
-1800.0004352995275,75.19160942204162
-1796.5012554922139,78.4354733873635
-1781.7735765025377,40.90228331522714
-1794.911046794827,39.446209802063855
-1796.0315894364876,89.74825081428304
-1799.0159846253207,73.27176120874776
-1797.6961203787648,18.296137925818343
-1790.9640655724957,31.050717859839022
-1798.8086837138935,259.7065759055921
-1795.0816735310686,80.67243990825759
-1773.218315642455,80.00930771821248
-1776.126832211668,-27.883984060351672
-1797.72079473814,-5.193690407583334
-1792.3029206444915,-5.7356599614832895
-1791.9807736621628,1.1197679113309533
-1799.5915378635298,53.070738812266974
-1800.6578948467386,73.50530002223601
-1580.8486282442304,-156.32471687820288
-1796.972118937764,59.92526933661622
-1793.3448402224242,-21.585202808018007
-1794.5203740353907,50.837326485564375
-1797.7118457949825,30.73959786528632
-1800.2937834108793,138.14769505877837
-1794.6079143382985,56.05844259397493
-1794.228311603002,47.49074170641082
-1785.5114440878135,8.079032447748142
-1796.980091178553,95.94946978985222
-1770.284520737518,-41.852979618225376
-1781.609391012731,42.14890683695198
-1792.4556919577021,-67.19650859669568
-1786.3400936844266,-8.516668749474372
-1800.5319102569415,51.06995379158132
-1798.1860378767299,31.241604040127374
-1799.0244785675209,39.50888448828685
-1800.1156417205552,73.12614418389285
-1790.157951395847,-37.27218438986194
-1789.2998198993776,-11.674244316168288
-1793.3752429598972,146.98866842475366
-1788.2905503290533,-23.801383552094904
-1782.5635153369085,78.45490967323853
-1671.1807288539073,-87.84861360103694
-1651.1472896559908,-186.40729357013612
-1792.1867395352767,2.583790465572176
-1775.8494390058545,10.389812740477634
-1786.8726756696487,-38.58141548608336
-1785.7315005370597,39.434140734883314
-1791.0928346481078,60.49529336639571
-1793.3543183868794,64.60541402987695
-1786.7981452411575,-3.3599898300511697
-1777.9816309718376,36.09571977436714
-1782.7029367727514,35.40339527132278
-1773.2211412032761,-74.500801282357
-1785.4216338851322,14.829383444618369
-1794.9072129544504,55.47861803345786
-1795.6528687804632,-61.923931558208494
-1798.1335138412148,14.453169166780487
-1756.1939028248123,48.60713563584877
-1615.7613843786553,-102.08848785501546
-1748.4805962057694,-87.52194268796207
-1752.7910461531292,-114.79641421626117
-1677.0651653764844,-176.27685838719194
-1716.1676277505105,-100.86562982207299
-1740.339823546389,-91.48967043446865
-1732.0613889032818,-84.3527224871155
-1748.065178877815,-17.079901530880292
-1734.9508566758043,-84.52582205426924
-1781.0912188916764,119.6280441959938
-1756.5618816475142,44.52165960834169
-1613.5269552938144,81.48011309681497
-1788.2944590911459,215.42728154563622
-1794.4827539966102,113.88741092255364
-1790.9368662669804,-8.776018757722763
-1799.1114033337055,127.01393551372581
-1796.3427277905066,-20.79144015518304
-1790.9924141928086,77.94247984184324
-1797.1329208114644,48.04124411353088
-1796.49939136065,156.20312665479298
-1783.4811244354162,134.33589273854687
-1798.9664732546555,235.78132603347214
-1795.3005074674074,193.68635725396754
-1461.4914524102394,-237.83509160493193
-1644.098689639714,-37.06646236645505
-1642.0214113959453,-71.80137999522177
-1788.229810686085,0.29715080724645043
-1791.7957366477635,-5.513443489245841
-1794.1497733821975,-38.010116287480095
-1792.854039881992,50.880068651423095
-1799.9807746171498,102.2535049734545
-1767.7837454722257,-110.78564080117098
-1759.269904947886,8.723352933979577
-1766.7315905362648,-79.18613063285581
-1791.0809575064773,-7.064614047782717
-1648.383972780466,-185.50836000747222
-1722.6385478042273,4.351457595428432
-1677.797033504989,-116.62560935615647
-1794.902086682477,65.87432735600665
-1787.1899497586649,117.35119553488914
-1776.14828387562,23.64942825137248
-1795.5443139951492,157.83282081477338
-1778.2889672583806,-78.8452323879101
-1795.245344090546,7.572029322034156
-1781.78351391232,-9.399365798027704
-1764.5796944545382,-55.85679127430315
-1757.9833327171036,-74.11660709281179
-1699.2672444458353,-111.90357975259631
-1433.4780946150847,-187.56000432477143
-1255.4870578457515,-256.5461589469357
-1371.0498225815916,-192.3243370481229
-1693.1647750834836,-138.1881405293789
-1575.247013409153,-160.35292713438736
-1787.8454752497182,-87.54610278044974
-1799.2242363974844,96.3208584719142
-1791.3039616674107,-47.314248766545035
-1787.493905266075,-9.315936374609814
-1790.413519144232,88.88601419914175
-1789.3878577838766,-11.943317018717126
-1792.547753526799,25.815857392460526
-1796.566311845611,-20.819715939982068
-1793.7021388944436,6.07095540346694
-1796.2003928895028,65.46206298733074
-1800.5666156399357,174.30908737366846
-1798.7072501024663,154.57255210672534
-1801.1808780296547,165.93428766294969
-1779.9949147245827,109.0266427031543
-1796.7369933139591,139.12981852497967
-1789.5103816533285,133.17983013581627
-600.1130666831629,21.5558516512986
-1792.8350108224377,75.1297553078151
-1794.9084205086547,73.20299974807003
-1781.0332324582153,-27.639763119151834
-1785.9631545331172,21.65842799399859
-1786.101861454523,-13.905536024973781
-1786.7509670428076,15.052838984973427
-1783.5732340652235,9.895592990092744
-1630.2092835870956,-146.3163069820468
-1777.1984173953153,-45.320860818003204
-1772.4001898982763,1.927113215868881
-1780.4897277203897,-55.557038327799106
-1755.1346793946138,-19.472583064469855
-1750.3466775883367,17.746628180039316
-1779.319299357489,16.394283674486495
-1791.0897603397555,1.9763724064768553
-1647.3422152679611,-204.44774667725503
-1797.063235931162,113.55878849589747
-1795.8616013944918,132.62189688874568
-1777.836110757065,-21.613881734070002
-1796.3914366254353,85.50861075802658
-1797.9766280804706,179.7321266564126
-1797.6888229407614,140.19733521165804
-1797.3466459875783,144.07186998593986
-1784.928063133224,77.25635066461602
-1782.4592235517352,138.81993551463088
-1768.179539497852,170.63194070586448
-1774.1321960147857,38.05862704984343
-1774.876532819226,145.03824674000825
-1760.9520620524736,116.30054525229787
-1792.014047337603,151.07821148866287
-1726.175651711433,165.16693254872573
-1786.0863516513186,253.54959843701428
-1788.2114096738214,283.0920768536038
-1764.126937194212,205.93025563680658
-1785.7325134586822,316.92209954187035
-1773.4666078422783,182.75805104494847
-1788.6140889319918,401.5694624694798
-1791.9337155795458,227.6850333464461
-1776.1237072664517,313.4004087080699
-1705.3604883535663,180.5169315721974
-1753.1652623179598,192.76178301527344
-1692.8538687809755,86.19307388190387
-1641.5996537317967,-22.15159545477661
-1663.6830566957613,14.107534382577242
-1756.2785147093593,-71.37384943137269
-1799.0593663116795,215.85381714930182
-1162.2743171075101,161.705390920643
-1798.2128311474844,217.94477302532766
-1785.597963443208,144.34136254633222
-1792.0158596783203,155.39908053182947
-1693.856473349471,-90.70431270016257
-1745.6853177883431,37.08509085811197
-1780.2304905996123,45.00537294394037
-1735.0709396704387,-13.399773168016317
-1658.6874496857974,-216.24790895822744
-1780.8566984758702,56.78536376599796
-1694.9411007915596,27.972758510037167
-1792.0078417396942,194.27344816327593
-1770.459203295113,169.9828568985478
-1786.3498173977446,39.839892112967775
-1684.9484043404118,121.15539369561068
-1794.148685624896,104.71713741818316
-1787.1195858580563,111.12275581569067
-1793.3371885114498,296.5352176678381
-1800.5993396081199,312.06060831085426
-1666.1727142244208,53.489717538244136
-1792.6234186525835,241.259906661846
-1614.8336911805875,38.21214966709398
-1796.7877699307394,253.78358959371724
-1786.7454451259684,152.6165507945398
-1771.6979779130259,159.70106615204367
-1682.4243373692134,132.66640139110703
-1722.2297701769091,107.05009524946783
-1755.3520605468395,-13.233177471064682
-1793.7623210354127,34.238183823733394
-1794.7907483486254,54.03312396018694
-1684.7736977385714,-101.788611534679
-1734.9648465450794,-56.51410362985233
-1568.3017063116968,-160.85810030833522
-1775.596711498664,-73.50291257658952
-1755.8674871725257,-10.193131680494222
-1730.7826664129952,9.06059844815024
-1784.4546122018146,66.96202317784979
-1796.9747599567372,93.41985651113501
-1757.1268445823725,33.28686667235639
-1789.956319676468,-1.167214333200908
-1789.49172447539,140.89883457227182
-1797.5011472731337,-0.7152444449470714
-1797.273188221982,52.21972915990331
-1793.850901298366,189.70989660896643
-1769.9147534178285,98.77263081077642
-1794.5706836965292,77.20976968524218
-1711.3800794092074,81.46675315515365
-1789.8719152351152,140.25177094975675
-1792.5287614588808,230.54614213048396
-1795.5201823998134,56.96823818240746
-1796.9367348285473,122.98533806740272
-1692.170116619117,115.22819481261661
-1785.6102899017053,84.42771843394686
-1793.4091818057905,245.3873957999912
-1776.5116908092486,-75.22397219296623
-1786.1265297080329,126.13627527327549
-1777.9974999752762,121.50459113053213
-1782.9970523774405,101.46791675274946
-1682.1809081830409,-11.935608695557066
-1753.7723451839797,-20.930839540892897
-1594.8058247515564,-69.71319529247448
-1583.67297167988,-119.23407615945997
-1686.8306612845365,-24.866982796857993
-1706.7626427699718,-35.93188752907863
-1718.7575925984895,10.605283594636402
-1619.863213186325,-77.99792197796917
-1521.0134338987473,-38.97006907779059
-1598.1121479879682,-1.1838035290553455
-1674.012355031452,-22.50305043214865
-1084.569011272051,-173.90802619285904
-1532.3204741087427,-15.38717749448034
-1555.7770272963191,-61.88566079831189
-1680.9433073490068,-49.88545741509212
-1615.7895478903326,-106.14099928884347
-1290.2233268993143,-245.23059870543094
-1437.691139490556,-166.70325432430315
-1523.8364363615792,-201.97736655211563
-1460.5700343740411,-318.54625727673294
-1511.6268429857803,-263.9865484343787
-1680.4681943503003,-54.09512806223644
-1337.890887642009,-207.9435893649895
-1605.9468191041474,-77.43726199162064
-1524.2962741515496,-182.57381961447658
-1602.4140713181607,12.191117997908615
-1798.6073779374854,219.66876275508747
-1777.7727045563909,-9.60520337628911
-1777.1098889129821,-41.580715453128974
-1788.0750591223773,16.294927267803857
-1781.109441697679,16.627684619127553
-1794.5373453118505,1.8504414452245816
-1793.0532633256153,46.49087768815644
-1790.9622939188462,126.3756468634736
-1795.6752907922005,76.60234095787992
-1789.5337254865212,25.36063204123323
-1787.8615196519029,-80.64205599300071
-1798.563601117642,61.41983661951718
-1796.842701080217,110.44604349264425
-1788.8196433887838,-20.629906832400845
-1787.4418403295383,50.26586369338162
-1788.852750365188,54.73219668236008
-1793.8021230232757,52.58881508330243
-1795.598122635504,107.00310019765423
-1791.7567637797924,-38.079050183563204
-1800.0419557410564,121.29394465592823
-1785.584066334422,24.168014582029645
-1768.5526162093754,-30.90847686367705
-1795.6703100906936,123.62862163479244
-1776.037708396365,62.56242586723986
-1737.1508007382088,96.05760365539405
-1778.8149261415185,118.21175870739174
-1771.617514498522,60.36310284624345
-1792.639791420529,62.60916402227647
-1793.7235721743482,48.75191323486667
-1794.0877889906142,-2.270838853041376
-1758.1959093451317,-112.89500161287869
-1799.0146925852678,60.07701697694011
-1790.7558728894544,98.58955916015553
-1769.2391185072527,-12.563552401286774
-1636.01021949315,-219.38311122573657
-1766.3582039886596,-37.25333021576976
-1531.899108820007,-255.43519948899808
-1768.829881578178,-100.51576641262987
114837.71480821389,-2539.74481646144
-1742.980322366128,-54.586391133942826
-1773.2607825511939,2.66003348883745
-1801.0852514809121,357.1488128051477
-1778.159103255049,69.14326129353758
-1792.1954760162798,36.94326102987342
-1775.1544985707683,-32.50608830031968
-1798.3829649590048,159.35635854058552
-1791.9586482693949,99.83141762780839
-1788.3049712515528,-105.37569179131503
-1789.2572747989102,-87.70838431414484
-1779.4044162391804,-77.29628099756253
-1793.4412827276415,-61.896602899814205
-1779.0536495078604,-91.3098257841566
-1792.119529881698,169.80625501140733
-1796.9616575934162,86.92302115365082
-1800.201899809749,77.90077601228411
-1802.6527644785324,256.11185267261146
-1797.7733271268182,174.45404595802924
-1800.7487538380806,199.33273912267916
-1793.4216111892488,163.58632061971755
-1800.0897737916948,152.8065958848194
-1792.3521933223017,69.75071605554996
-1794.735584787928,14.817501614183545
-1791.7615071556813,32.104193675689466
-1791.7905658257432,2.859053025660751
-1788.626662518546,49.46360570125602
-1787.6861237698656,-7.456558767485909
-1798.1307581033398,124.47623732732214
-1799.8684116198178,99.53830773130227
-1800.0414834998815,54.52214578019217
-1802.7218810860215,103.72894716613274
-1777.6251454627652,-102.32948759320803
-1727.5342326068092,-160.21704722877246
-1800.8010070619755,110.79696226603937
-1798.653246356782,10.001328468224132
-1790.270373998774,116.73626272140373
-1792.5329285908374,70.38043309792245
-1792.95921737193,-21.266235407640572
-1787.3218758555743,-70.02275417630464
-1787.4139837978953,-47.59825856234018
-1794.6332579728914,-16.26623349293728
-1801.2367440781288,109.24472139608766
-1798.993374983105,55.97680734707186
-1788.091537364716,-2.744275425426584
-1801.628508336617,170.1367498473774
-1797.5239032341242,152.75731595061438
-1802.9430604311938,210.38471668183567
-1793.0495922810412,1.305941920248092
-1794.834551254654,48.97395682168863
-1788.8970363813835,2.48828436821987
-1796.5961994996705,0.07003608786744225
-1800.389918670887,109.35567273786533
-1778.5558578484204,-42.378060357651776
-1280.8869739613606,-287.7673542449804
-1773.18661964086,-52.19965735286747
-1753.0615592637491,49.86321014142531
-1791.2372626004567,-13.028752565943126
-917.3120037147581,88.80787992516028
-1792.3438592038112,-17.790273851627063
-1769.2154725932753,49.86884351444017
-1788.509027769224,-0.8557910130207045
-1781.0053557358526,10.360105008377221
-1786.7531553212596,-15.232118559311273
-1780.816347814225,-92.86108068722066
-1756.7962949433486,-78.48819366652728
-1759.1443314049386,-46.1668992877263
-1802.251078349973,183.06106612256772
-1801.7480545752112,187.17779862694073
-1799.8888834398676,102.93569551079048
-1771.0188316253543,-2.812613869336603
-1801.2666071241822,158.44305119369994
-1799.9754172862954,151.41589733094543
-1798.6696886319558,49.95458815611889
17536.711912663603,-718.8590336496162
-1767.8330671036574,47.23237122558288
-1651.8479725049747,44.059810939973936
-1787.6321256137946,93.58668358061729
-1700.8521188830111,5.1650972989350645
-1323.6236420800824,-120.62164775291767
-1753.9378268595901,13.77770182285358
-1805.3931200844115,243.0696502324519
-1732.0981155321197,-127.89431844377582
-1765.0417550728046,-51.64916663608875
-1652.8311423207292,-117.29562585963762
-1781.9388469495202,137.16441240702915
-1762.956502064444,-81.47627531713925
-1778.8526936366547,-35.59072476092688
-1785.939432300604,15.533244065264986
-1793.2110121737073,18.392434285278064
-1784.5719347797838,-78.12876238646886
-1760.9774742428863,-173.78396499200718
-1780.4113478367685,46.79889535114801
-1779.3957336322712,-22.48970841259515
-1738.869244761325,-163.38973004718935
-1779.2405484139126,-112.19542904285973
-1778.8113307947822,-101.63947635857619
-1734.087494050702,-190.0035656388906
-1786.9871559914848,-107.25043535517028
-1796.2716606330348,21.053060476796585
-1729.7308669012555,-102.05766037103241
-1800.0013097590568,25.775522270206583
-1789.921645286823,-52.34157593852265
-1797.6451465923856,75.29017798623855
-1712.7292733570455,-87.95740909391446
-1801.8281217369088,59.57798811838176
-1783.9905726661443,9.857098357928262
-1554.6326188951764,-234.80352699336575
-1784.3069744280983,-113.38286819810868
-1776.8353135558682,88.72622677166737
-1794.7940639119747,30.370136358524967
-1716.2261928183373,-18.52997702780263
-1781.6758799344445,-19.827170490822475
-1791.6732020825725,27.312815991687657
-1760.7002921799265,-33.48745295572896
-1707.3726077104013,-57.80366897078472
-1694.4255948635569,-42.313097140406335
-1792.49128902114,42.313468498444124
-1792.1017904021169,37.52942262739178
-1760.2304966535746,-62.83206598022694
-1787.5224453583185,-48.94550031153818
-1795.8663571911632,-77.9651600866501
-1779.3558310681485,-160.27836299776123
-1755.926653756326,-100.29346631947473
-1799.1515161516268,-44.52902460019162
-1795.777325946261,-11.560062896037486
-1762.842390287146,-126.85653901861694
-1783.4114250922637,-48.76295423618825
-1792.5724223136804,-28.365784334043003
70113.47127603457,2364.571962881286
-1693.992537875003,-84.92532645179165
-1793.0308123522416,-105.52542305768827
-1649.5244532765364,-120.60505183791051
-1787.6700016485013,-101.63468235185665
-1577.2965188650255,-114.30328205491983
-1793.4447277099148,78.0576723756797
-1791.203889679516,-36.96130766018526
-1780.1776975408873,11.626141643121889
-1774.4041462045054,6.155921022555547
-1799.1679362909165,102.54937114629017
-1780.4024997561346,-112.66407154716141
16835.573252866205,-500.3010652360795
-1751.9351468331931,-195.4203943626451
94106.10590401382,-1423.842396952995
-1753.7848198431564,-181.9269511009209
112213.40907691683,-3866.9009193276993
21771.82737719489,2587.9238411192123
4.325629088787655,102.58418428633053
-1766.635685711175,-102.56870999518324
-1794.6666494496533,77.74166501020797
-1776.5854769996743,-104.49683629745557
103051.34811903328,-1683.467289794561
4690.399139542896,680.5776521152941
15552.438494815362,-113.31719425687865
108118.13884396362,-4513.591295933244
-1779.07778006842,-9.151860022020784
101979.59053580745,-3888.529197898043
-812.5199916135034,133.55475308623582
6334.084750406731,1703.5254453119958
-1613.4961689586662,7.369878622535961
-1706.7929180027984,-56.87965288689147
2109.0640336010497,875.1254079952338
14220.656459071515,834.694309556383
24097.43519845494,2968.2131427941786
25918.30451703125,1117.0878005037496
-1777.570463103139,-36.388715553664234
-1785.145811937341,30.46835416124749
-1763.194096608009,-93.03536273557816
-1777.6458526056351,-59.54692465793083
-1793.3608013857051,76.2698460437894
-1789.044141004471,-82.17059544809071
-1777.801948937411,-97.20174063721949
-1781.9259149716609,2.169968669277161
-1771.1134021117325,-13.381140657085192
-1758.8906995635045,-142.15567069814938
-997.3754632875465,25.53427758883927
-1786.1206453073337,3.9797651135913252
-1754.786532673277,46.699928277586544
-1793.7861206124235,85.24021961832234
67243.61381831733,2550.8560968172046
5697.632441281226,384.94066102614306
-1721.711257523276,-2.14592204453248
-1797.9891897207035,-2.0601499309114875
-1798.354664078373,181.7194793184005
-1633.4249427856867,173.29430155971497
-1750.78495661037,142.02087325156998
-1786.219661405978,75.65227432104605
-1375.156257977838,-153.40547775568146
-1755.2495765967872,-64.35754484804066
-1309.068333254107,-215.47782921114697
-1793.1087020729988,-49.377333103868374
-1764.9447937364002,-81.76601340920591
-1082.3632397563638,-362.9488627455556
-1768.2655244194732,-73.29764235337609
-1766.4285270424991,-102.05559446213384
-1279.5234091377704,-107.03135227784496
-1073.8448857018582,-233.68526778247468
-1761.6132196117555,-125.43849076484645
-1796.1205936506415,-61.27451960694848
-1677.1387275335305,-9.195738315408628
-1502.5013884456578,-269.9238951981605
-1795.0801512604444,-107.93343465926104
-1712.9057551775259,-221.87871869950146
-1152.4426549760199,-328.966614434377
-1705.5149326912917,-251.80289821473278
-1729.024095450714,-201.04225952331797
-733.9310473074966,-403.4702242614648
-1583.3179682000923,-241.92646729194885
-1754.4737367078085,-110.05293916175161
-1036.0051063911944,-355.25579882312957
-1654.5102145932965,-260.3674611305548
-1475.4316275019362,-228.4552640088134
-1663.986332303726,-228.3384205691628
-1544.969062241961,-266.5651767576746
-1577.9546276118992,-249.94404565290978
-1735.5487038200722,-98.74263974609023
-1541.40115001513,-249.78353074355766
-1721.3029826379259,-83.63407002336979
-1777.4918686058234,71.72951192318497
-1669.583895514925,-179.52214154736862
-927.7047165764197,-333.0560660191887
-1790.8045772973198,135.1376315503526
-1792.3510415117137,-111.67043731830478
-1796.0657247172787,-43.37297877362909
-1734.528600569086,-59.488529108857115
-1788.9855976077356,-109.68934567842435
-1771.344151227176,-117.95092522915144
-1747.6831680690648,-113.01942831285639
-1716.0202881077696,-206.14318967572598
-1775.4672683581696,-0.446294945996014
-1763.7151297866676,-98.38389974960968
-1791.3046516098043,-15.11167190804607
-1777.369475518398,-74.92077390667511
-1732.839383302811,-90.22454250552022
-1776.1632886684627,-105.16148454741347
-1785.274653292206,-72.73345212167064
-1784.0990078517016,-64.65154039686207
-1655.5663111782794,-225.50232191405004
-1748.2332821339605,-98.39290895140762
-1780.5000228149233,-123.61851894035419
-1734.6201822437665,-136.6964529063497
-1789.0597044808349,-92.72278003058773
100441.58282035896,-2993.261993114858
-1759.4418853032396,-136.05137801726207
-1790.2845830697752,-133.36212625022407
-1754.4985535499104,-105.20904306330614
-1590.8223914769853,-177.23064467393175
-1763.2340682127601,-78.11547073174168
-1785.5033619952992,-66.24330387061367
-1781.2272936367463,-87.64270943333011
-1738.3407093880157,-168.0000743712226
-1650.1368212307302,-115.04283048513564
-1651.0245154435408,-94.61337089240406
-1207.9400983513572,-328.07573389007393
-1803.6527581788312,273.355664579772
-1784.4717615709126,12.583636386116133
-1663.823746589036,-233.58340463548342
-1719.476707752994,-109.71788160904272
77691.66568711554,-243.27874774272868
-1750.610749527566,-79.27318713640635
-1730.253335951954,-169.65121353877237
-1656.694448113249,-221.74930355507976
-1727.327749011077,-78.01663525187601
65147.615818910155,89.88950315703478
-1750.5213676211333,-34.93160580769327
-1739.7295945170133,-139.27742403491084
-1721.2842513328728,-108.05487115817442
-1736.7519231160618,-98.42910285891345
-1713.07426579111,-146.4444104957334
-1755.2349524992708,-85.49934799673403
-1737.1925962903474,-181.05178913683747
-1639.7807584745672,-164.6303625483662
-1713.056746926633,-50.469449865372326
-1712.7282095995745,-191.1568587324332
-1767.337743869357,-86.62166768925469
-1754.1240398118634,-147.6814105478437
-1731.6223979875385,-60.950351891384315
-1791.2093008913007,47.03551622335551
-1732.5742366091524,-87.69444741793
-1753.1540846588691,-26.80725527278152
-1689.286432834138,-114.6926449579572
-1737.0523274835493,-58.51088588782083
-1630.5822321097498,-104.02124469843625
-1544.9504279312266,-221.36188931911934
-1754.3270521300863,-97.42889302756625
-1436.4482388315025,-31.239746748937616
-1212.2775128835694,-259.3497510332068
-1676.9901269585503,-192.5071872396583
-1699.3694597926374,-149.7397658258769
-1582.2410768010882,-110.96962046995839
-1753.8418711247825,1.6980035005436969
-1621.702068217115,-134.19273925642744
-1396.485932429393,-258.51765784686796
-1710.7568082824052,-129.90289154673826
-1168.5513665123613,-352.18586571519944
-1534.7380637909198,-53.71179657498157
-1246.6521111538,-364.42406970431773
-1131.6028587204808,-333.01731078881073
-1662.884771319492,-67.12615597142819
-1196.1921544502984,-239.28459740081473
-1215.0356820401998,-359.5981164946444
-1367.4430518782729,-146.13526059402673
-1271.4889995417234,-262.1523999030203
-1727.5535740899759,-118.25743780715314
-1470.282701461724,-163.0874457148982
-1779.5465923435652,-93.98853377965715
-1794.371717403955,-23.9843098735367
-1726.3874361471537,-7.384057878380236
-1789.2077685054328,-50.08977352970523
-1782.903513872049,-28.208238985782355
-1489.894496554141,-190.85096523935576
-1784.5345102355589,-45.56003221279037
-1769.267935355535,38.878165343218576
-1747.7551894424155,72.42821049748541
-1773.9144773054434,41.26175160169643
-1444.8974269501755,33.05185034104867
-1764.0605434088006,61.844463200719844
-1784.272101091338,45.54188626939943
-1794.1006078878322,134.53419310116425
-1767.9950327418612,-57.28742806456466
-1580.1680629043221,-206.60570120638874
-1783.3315074499815,12.864490753849138
-1782.1316102290546,-76.47346173639458
-1793.854074604029,-6.989832105014894
-1764.6543160785548,168.538645166897
-1707.5560744363372,-130.01160567029825
-1786.3438913901628,32.687017939554714
-1776.002916615731,-120.29737070990237
-1715.6518330487397,-92.8963493960627
-1798.2195643474283,34.42754375780726
-1790.982172036014,65.61870029216743
-1792.9241310928899,50.63513418900419
-1789.153285028949,10.591068824047094
-1768.7263104418118,-125.2542999392186
-1587.4980471987274,-131.93907002901676
-1766.2981590242912,-101.89823615719891
-1644.7035244152412,-145.49347235978865
-1787.5896475654624,-79.9658560716691
-1761.694983290456,-137.24816537583433
-1716.5390534266214,-114.9297348947063
-1765.6850263172685,-128.06103272055944
-1789.8835174731003,-77.07436311541383
-1766.0290782798131,-109.15680396891507
-1687.1603748918676,-137.47332644731466
-1787.6755687369514,-96.35303012572157
-1783.7952897385867,94.28781218856939
-1737.7060001267846,-129.88461944502762
-1753.210075917799,-3.983221090660524
-1756.268886160526,-91.58185504531502
-1772.1310858560246,32.51935044393867
-1772.188745864441,-79.1959596632468
-1526.5931221146006,-192.7745901326992
-1718.4944970118052,-123.05100572475335
-1752.4451447787249,-57.896642125732335
-1779.122563663417,-81.70755716079668
-1702.7924718900963,-100.0949067832534
-1507.2433299505578,-169.65995679017175
90646.99782335472,1138.5383557767084
-1786.4188900177826,-7.326346769760669
-1773.5638380116309,44.665685832720854
-1791.2592781052422,15.454302867102824
-1793.5690782539998,156.5784114182566
-1765.8486996112931,143.381933386797
-1751.1221435149898,-55.763885808352924
-1667.6535961167415,-102.86795959395987
-1728.7277370458141,-108.49913846944024
-1750.349221365538,-80.20958982964598
-1762.837269666494,-56.1096753469251
-1767.8116064328274,14.083359359030897
-1657.2051561960086,-129.27877562259374
-1731.313602724317,-101.15327724612145
-1737.7669923534274,-90.31522483692541
-1758.083159652527,-99.17228162636361
-1771.4761917180774,-17.523524316617884
-1750.35445591423,-137.59727776224946
-1765.475894041079,-60.16289029892286
-1290.9943918254976,-255.92221935472668
-1539.8633919510617,-186.7376067168504
-1715.5366244084523,-76.42570240980875
-1759.3468303276538,-112.74067183730821
-1761.571186367308,-96.45811562152684
-1772.7627896308084,-76.23888940542426
-1088.3567915049807,-305.0482603983192
-1791.897568567412,36.027571024822066
-1590.099031551503,-137.7577850155438
-1776.6673699305165,-50.82471102729852
-1715.2741160177632,-70.64799643312122
-1630.7271149250105,-92.42888969091841
-1786.4099449191935,-9.722658539105087
-1770.985070205288,-14.520868676169421
-1778.9837254739716,-172.29788902945717
-1791.9218491271397,-45.876740638595415
-1760.720954938529,-46.08462190513046
-1789.4583087529563,-2.980899574280169
-1703.3024701050745,-145.5398548443247
-1799.998236173637,77.15845439859214
-1788.734439642622,85.61918901430609
-1801.7455362973055,175.7837629724214
-1788.7611588054122,132.78163714201338
-1778.8896116898343,179.21135818402857
-1792.9657864615203,122.10302084736023
-1788.0618517988187,-50.17113052705383
-1799.9754625748203,118.3974540464466
-1792.1832762108409,110.61952453973089
-1794.7106469787361,150.3140864472107
-1799.8598636363497,297.09274568300094
-1779.8926270790744,15.161634855383161
-1752.1564143125088,-41.71997532899892
-1791.643191028553,-23.594909235695702
-1797.126171378121,62.32467557036627
-1796.0101587191089,154.30730333735815
-1787.0141064640595,9.163869009259464
-1782.2656869885502,88.59070829051493
-1710.2404645908127,-125.16769631771577
-1755.085301794507,-55.393551763911596
-1767.8623469127178,-134.65246464313248
-1775.845851071248,-23.860159036073917
-1778.3800394469183,21.5474263724635
-1786.5967134362197,50.31884572705322
-1790.3087247171245,83.31108750728357
-1747.2865581622289,-78.39201909292792
-1790.967326459981,116.96553933986458
-1789.663598391057,54.453457608112394
-1729.4284411099372,-38.49760743156492
-1745.601855491891,-78.7744845849638
-1764.979657053372,-36.52090677568612
-1785.1526505785605,48.64919589403462
-1785.8975269846494,164.25685470513815
-1791.845105168927,157.1625289711707
-1795.571340205415,68.85996325950057
-1801.7992425451196,245.88711269049097
-1799.7773145550432,196.3046354195109
-1791.091211346716,58.82282889926799
-1792.3108017239522,164.83964728157315
-1801.4334547026554,176.70974135966588
-1784.7888519198568,-43.37330628316644
-1796.7270373141553,70.49991621172758
-1791.780239454595,158.63786183957228
-1783.2335851203645,-101.0462596812065
-1798.2054320166524,140.54671844591704
-1796.1526271763635,134.90289293225555
-1589.624184085068,-218.92917710890057
-1760.4349397064248,-92.5121363742755
-1721.009736030504,-252.56957572495563
-1749.7003153059359,-172.36671008321267
-1762.795678229718,-94.37484343723514
-1656.0678287346266,-47.64284821553985
-1764.7151487374736,1.1180436942739285
-1535.7072773319169,-160.849988429815
-954.8772882201673,-425.7131975403655
-1273.8163885071879,-366.86533330190076
-874.0057077058556,-430.12332181470754
-1000.8028803919035,-378.24758601562263
-1773.510447860297,7.180713878083383
-1649.1036227832792,-69.99434357173944
-1231.5632500858883,-352.2008533003127
-1783.1748615899244,5.160983948701673
-1296.558384977334,-215.10031068363375
-1728.5573546900287,-87.59323486482221
-1765.839943894348,-60.95268797256017
-1779.7714713464886,17.518511819957215
-1784.8758798508918,32.214102437954274
-1539.180492524936,-191.72321909384218
-1738.8573049458944,-58.01728625300325
-1740.4511244746673,-48.92510752008234
-1757.0210283316462,-58.10756946721903
-1765.7190570723376,-1.3169347897776507
-1779.198561654689,36.14420432532026
-1782.0202402331522,37.73677639767155
-1734.6882240470354,-110.79861970571838
-1767.5890160131005,-20.361591316625038
-1757.532667626114,-53.95492842299046
-1786.6071218621694,-21.16174650648376
-1795.9817881094816,78.76193035239368
-1790.526985265421,69.98473033409684
-1704.374850833323,-173.30528254755367
-1734.8692632633126,-42.91589326642017
-1721.71416118642,-93.97991477084166
-1753.4900450519922,-26.615120036486875
-1767.2785669209247,20.66519593899442
-1742.3866275670146,-29.091844623682558
-1788.1351277847905,123.40887504199863
-1772.7814216876932,-23.926877607002748
-1792.2802872519778,-37.184573846228815
-1791.7214011667725,32.008102423718555
-1765.538139521032,-28.6807019515677
-1365.7310335628085,-184.48121692712252
-1346.2493717049365,-309.85682977819386
-1151.0073466553922,-292.88907274255985
-1340.2874229487932,-153.33570639535884
-1777.4443307225372,45.79242286710603
-1638.2528074560296,-243.09654818447015
-1496.3900073634798,-285.17032530204233
-1700.4870656582495,-180.7094483026453
-1680.3710567502667,-196.96895360493068
-1583.8288246502307,-268.0761370113075
-1640.1383898613492,-223.56609649684427
-1675.0991291220846,-193.74514759618683
-1755.693214046238,-101.91472013453553
-1723.1254732878563,-106.84028777284395
-1653.9089428060352,-193.7338986913941
-1703.6562723028158,-75.12057021144561
-1766.082362413422,-87.19333760847282
-1756.2305397662635,-116.5383134845889
-1714.5069228979926,-160.35071230397855
-1793.2727031559361,-5.549079375583961
-1763.1319707212645,-15.824470894812421
-1735.5170468198728,-45.204583980343116
-1744.0414304425785,37.342738122910184
-1741.0858903591939,-17.953578736926527
-1751.2570479571216,51.00819347954523
-1768.8776292220334,26.525096746672634
-1703.6738201739388,-75.67823241261645
-1713.6888915034963,-31.473878572232135
-1712.3259589338852,-25.553112080303123
-1697.6871829856398,-50.42135554555684
-1782.5987184489527,65.26093445867033
-1779.7975444103117,-108.09003505704266
-1726.6673046950716,-16.51310460867354
-1792.3962706141801,-44.65948804244511
-1785.9359695074374,23.97920457977048
-1786.7606463884545,9.480166263807474
-1772.0926160659105,-49.35075601101912
-1719.1972749940385,-119.12915180005227
-1702.9051006341579,-229.12048133232673
-1647.6819177130158,-213.60542894647125
-1690.3383458771482,-23.462381357363356
-1553.800082459919,-82.28206899632232
-1759.9378399720606,64.47482118044513
-1619.4899809202022,-50.404585920583585
-1663.558378982669,36.399200410116315
-1706.5418009356138,72.36821358675941
-1793.5507533684206,63.89108305264142
-1569.6141807901245,-171.32432763859646
-1584.0901092884549,-138.29584224056714
-1691.8768710690777,-176.6700547533334
-1512.2257133867424,-289.9348587069548
-1610.1478472039523,-255.3619630414397
-1634.9481677895865,-248.97318195805428
-1520.2628732647738,-220.2791171285655
-1746.6878483440564,-69.54376240622251
-1583.4992281621007,-101.25734348130196
-1479.9404321147342,-301.5806775279976
-1437.1749049886596,-293.16055231749164
-1628.6646309885737,-104.18955325694353
-1680.2346544222642,-67.4560014224093
-1701.2186435250544,-26.778978337073468
-1625.5874884951502,-85.21127789938988
-1640.4679944405952,-95.58815618719024
-1325.2435381114833,-287.1191558300591
-1637.1575298497373,-63.30823175950406
-1675.829850889235,-139.52819392032507
-1627.1221987596023,-138.8822121708699
-1483.8432417295055,-159.4510077280466
-1657.9814422821532,-168.32087444371433
9172.081256125619,694.594423352736
-1776.1832578934097,-44.414422332587925
1099.46441337572,178.38005746521634
-1795.163434680104,-1.8513444622397965
-1737.32621943112,-31.461929121079827
-1502.2201339518035,-299.8715487098198
-1542.823868970972,-295.41903992847125
-1457.5946566152793,-325.2318917641968
-1459.4305614042132,-272.74886912437006
-1513.8368973210775,-217.5952520598556
49385.24551649966,5163.782130576129
-1790.2777900148935,90.08007596325346
-1781.9291259395866,40.15841566123453
-1794.3137253765135,110.92683989516189
-1802.8181529815213,263.74112651741586
-1762.205260941374,-75.00535797169715
-1788.3758788046605,-20.152317578286816
-574.9700050745439,-454.5902477636167
-946.1663834023725,-439.2211508576896
-541.6363856071029,-470.6898953431225
-747.4862887696733,-460.45600066780025
-1051.864334223967,-305.136154665734
-1263.4041412741205,-216.51434877317845
-1047.323272437647,-289.1622244992576
-1723.2763681402223,-106.89883015305661
-1259.6563137964363,-224.2739865213321
-1737.2404535816077,-106.12007904188744
-1721.9221630979594,-91.82797836296513
-1593.6572735080322,-138.38140813663725
-1664.3818229344674,-115.63548634952996
1251.8404716349128,429.69208205625733
-1790.310195267636,35.96082610273817
-1746.7816605047208,-98.47765516966797
70825.42959117953,3969.4498660174977
-1779.1046683228678,-47.48197192805827
-1743.0727871637423,-73.35867527990884
-1760.0123732777959,248.820506340355
-1763.6603344957596,13.366781321432502
-1787.6850247316597,46.93873870823309
-1782.8193862181968,350.5232841721182
-1792.2030170988169,209.35464662490463
-1788.5504767717384,129.0472188632566
-1788.3429629443917,159.7444653937406
-1800.7558348819596,109.80699673626735
-1752.0365732230193,97.00147055834668
-1785.2924772669173,145.52434222423153
-1800.0124235038897,164.80369530673659
-1790.887510749755,214.15921986318253
-1782.5789760770733,121.93759324333861
-1796.7092844324927,87.55718777936013
7245.535745927842,637.8794330343404
-1801.0724330079222,190.79671528914153
-1784.4320998963724,191.7712500922115
-1799.4173169655166,250.16944449349884
-1804.2010510885339,293.68945927981395
-1799.0445734765722,180.36969072486
-1803.9365338348439,313.9031724749591
-1803.8066240919977,357.68538870356656
-1803.6852966436486,301.29732968405006
-1800.7617366540092,246.11782864908776
-1804.2747204761963,293.4890940470888
-1803.6454770847267,287.6034031498585
-1805.0832342821732,241.06589982409437
-1803.876613884339,241.09166165768468
-1802.3550103945647,218.31087694934328
-1800.1439322758586,214.94829157688417
-1803.8778403614708,301.5827497095494
-1803.2266485980635,370.1005020901839
630.9315106726557,549.0202718743042
-1802.3153198210234,269.85439248535926
-1806.4042230914224,361.2690638517853
-1803.8072306570941,245.5954802666099
109557.83605623645,-219.75297544358853
-1797.4578404945346,322.8682260537867
-1789.0449635235457,159.53930027601038
95127.28808344818,1701.2855406089398
-1129.7687050714217,185.32060021708773
-1784.1028594834033,198.20139413130633
-1789.5211532045473,1.9861442101400357
-1790.3295780196618,-4.803421197673031
-1789.165066663542,104.61578385881796
-1784.466344594358,4.0496923800800015
-1778.7169196151472,-93.2537020249132
48243.514689020354,5363.413190467097
-1800.6229767349719,178.10122559317173
-1799.148392832148,187.1573422615452
-1794.4495041640112,175.90877708551153
-1786.221284411461,77.71521969645839
-1798.4598973301117,188.36205621186357
-1741.0583540211794,98.84523854616351
-1791.0241804189668,70.12934207459101
-1792.0843952373377,49.46075203126322
-1793.311616074876,100.59108972039236
-1788.3419306665808,38.19634737149708
-1794.2377755545774,39.09338431953231
-1771.8284111813905,266.9680402481584
-1797.2103442369732,165.09240244611075
-1801.3262531549633,159.86312935338236
-1784.30509702056,145.68740107595502
-1790.5921238557553,90.28942773010142
-1796.0995981286515,81.92545278364531
-1733.2169934487924,274.4039017415772
-1759.0220493231839,193.58119986040222
-1780.2141046478323,48.16289070878554
-1729.751322774456,142.43023730419077
-1793.495393087126,86.95683909872835
-1765.793327601107,33.155925272319365
-1801.3566429978805,342.4889572747875
-1798.889107989376,249.10456027586068
-1800.8440082745894,363.7292976526399
-1800.0244264272974,263.08217604112957
-1788.9913129261201,91.99796612646747
-1797.0060365174547,304.20952503504765
-1764.2954007997248,250.9046327337689
-1803.4221500453893,433.5749000283496
-1802.6590513254096,155.2007377536115
-1785.988629652744,181.6031588294559
-1802.1896290953807,268.2163238123538
-1795.8424843198557,214.5505351176133
-1801.8408282192177,262.82319360265154
-1802.3382943535314,274.30121393132526
-1799.2225101507884,227.79929939064928
-1805.0705146162802,303.775301857932
-1799.52209450854,351.74851830777277
-1796.7489227295466,316.7974261560497
69064.93871957158,1880.2474515015276
-1796.7558291781975,129.30193123658904
-1776.4601858924668,228.42036220694328
-1759.4846437660399,96.11058299530261
-1799.4432216939776,74.48452623719174
104540.09455297212,-1484.9009965317669
-1789.2855602444738,264.77198786215786
-1805.2682398598843,203.1905066816811
12001.948495615254,3896.4494045403067
-1799.659962501728,125.11842577221887
-1799.7173638513605,171.4440472091436
-1793.0854709581745,131.85759914755067
-1799.9433005205076,262.15258404145834
-1774.3961835003613,155.17256113854268
-1801.5155075216546,190.4588889842361
-1798.802517470996,91.36663354807945
15904.098338167636,1865.3671086367349
-1801.8569703480118,168.79029939067493
-1799.8441820216067,154.52330651396284
-1798.2722996036903,194.28105893807523
-1520.6476090285732,274.8936082248469
-1793.6467212291532,33.186590621270426
-1795.9155761037557,23.178734507880765
-1781.6656029106598,24.413899725633943
-1786.2828325830094,-51.95376783550721
-1784.0450550042626,129.10377098067866
-1787.2624097371297,112.65777187632625
-1794.0153884840415,-8.410325944075476
-1761.6768040745721,64.81450612647502
-1789.1219547553226,52.74207047504722
-1791.7293107234245,81.05851214859622
-1794.2289968440539,203.93989169891833
-1798.1773178643311,142.8732980311553
-1789.5876762417568,41.57184318196726
-1781.5248621778865,41.338870844096824
-1794.8365544956853,36.567917268117284
-1779.754567180122,-30.108775561640062
-1780.1729879561226,-41.29118410173618
-1788.171604122484,-52.203692119805446
-1795.8860488127882,43.821966946197364
-1778.819932411125,-20.56689231793765
-1795.5297368744343,0.03288170958071404
-1730.1670738262665,-66.30000718556141
-1761.9806403078258,127.74970282813258
-1789.657976270825,264.355450100958
-1777.3692570615367,202.41190464940004
-1713.9725300219807,-69.59297819175445
-1150.347525498351,-338.65234965441357
-1360.6578412736947,-209.646996229288
-1713.9621550084155,68.54347288010808
-1754.2811347598708,59.78556137763969
-1694.1929154071088,107.26448986959267
-1767.8724997777445,147.32510465038874
-1800.8704527655925,225.26432547433194
-1800.659434796377,134.63974341267846
-1797.5430746934696,126.76377114465069
-1796.7649127318532,64.57323423909934
-1762.2969973259683,46.1040734446683
-1790.2188835617408,126.34834855823563
-1795.8738754980502,-15.711931472227047
-1691.337822339984,-50.29819035597397
-1723.3896355800084,-14.023209668970987
-1636.203392401326,-124.63533524056464
-1549.1560690838464,-232.97651781775647
-1650.5751772385888,-62.799675470586976
-1418.6207533641805,-281.9857917870485
-1788.7345745450452,-44.55393517926729
107212.53755360117,-1868.7934143204736
-1807.147247335483,412.97872685687275
-1799.9276092437685,347.6364783867793
-1800.6727892375836,340.3448394615281
-1573.9422132387901,-56.52019495162028
-1471.3017089716159,-138.55149283576202
-1461.61194078488,-194.8329047211626
-872.7372481663068,-438.7650357834814
-1095.1083435127446,-350.8884749395667
-1780.3081920177565,170.3990959283683
-1790.1675854893497,134.52462369891356
-1788.3504832786052,140.36952385145844
-1724.2472319393419,19.152540791263807
-1616.4804350894105,95.4840181714073
-1694.6955797905873,174.5412969045738
-1771.168595979355,40.89226906861175
-1652.9290478602318,-230.0386168160358
-1746.839113781264,-105.18157752532052
-1554.1309592444768,-175.12110166885364
-1690.7989593991083,-187.38650783398074
-1736.2025536687365,-62.16722976477607
-1670.0886006615995,-72.35410787883038
-1419.8685708546534,-211.25619569168217
-1527.4167195673717,-160.62201277177851
-1175.8631055408484,-276.55973627898004
-1405.5953925650476,-247.5705348574135
-1235.4902444684337,-342.9892785378323
-1765.1642544165084,162.78988934345577
1815.3457322728655,-118.7207454340491
-1687.0399537868627,-201.16139225099207
-1313.8580468657156,-299.0130526203295
-1555.4957693741908,-269.2853338505072
-872.9188047590892,-453.5170979273152
-1651.5097802951843,-74.97472509822539
-1437.322766013747,-179.64589519041652
-1731.961665570908,-131.5116145295541
-1727.0601297792007,-129.05391467587486
-1645.9640047895525,-135.30315173778894
-1674.4097766821717,-49.227935174045896
-1389.3646288239129,-318.86389760506853
-1666.6561839705485,-126.8193572229104
-1603.8142504568998,-155.83095188935397
-1615.5295731351212,-161.09619349323683
-1507.7464336658184,-221.75743084415268
-1632.506807138672,-111.71908948889373
-1736.3500977225983,-109.64297275563263
-1746.3899965088963,-5.961290428615328
-1783.7057155888467,-2.7500602732187986
-1683.8460148847548,195.01563982247927
-1613.8937218566145,84.16298154607256
-1422.390231895598,-117.2726019905771
-1400.034971884616,-163.74406372783545
-1375.4091771524197,-237.09143461761516
-1382.8024799183283,-208.25581361973457
-1341.9743868366795,-281.01529336664703
-1281.8911090385327,-311.83179497036144
-1800.394633519157,295.665836554799
-1774.8449729990114,223.01263037622502
-1730.8609814199003,154.51349760967034
-1801.3105248042175,289.5062544331311
-1795.9966804062908,191.0384582622673
-1747.2081170181684,194.7849114946164
-1697.2074240262396,-14.93843163399372
-1778.1108473385425,286.68804051549483
-1770.0323166742503,-85.96572840798677
-1795.0257776660076,95.25216854018774
-1674.3334279646433,-146.26730774614543
-1721.5914598720708,-76.93897210388131
-1737.1607301810477,-14.0567747282528
-1774.3326149119596,-72.44312779056177
-1776.4271416165514,25.171065604873846
-1753.0542123335772,-109.93953547448174
-1490.6290826391473,-192.75830466187287
-1753.7530473534564,-168.16271781361706
-1779.146988706164,-49.7660782430914
-1754.8354919173478,-88.8470206546264
-1792.0510557703026,-17.50600752431477
-1794.4176599482219,22.942037855372426
-1785.2646126816248,17.930076761656508
-1731.2652340010266,-165.2479201620118
-1774.0924277091622,9.160435767510112
-1801.727557253974,179.19434998581656
-1795.0298384887317,47.78665362503273
-1789.8584840857923,51.177346415086355
-1787.0417477796798,37.18414512512308
-1794.3848390876378,19.093622207114183
-1789.5860704536822,87.37039488069826
-1778.369075653624,-52.16143927567358
-1783.2934958438286,-32.70700534371502
-1768.0660557631193,-73.11934285916536
-1774.3354216600073,0.8735605092067837
-1785.112510361203,-50.99090666315258
-1704.701050210793,34.17176763139059
-1791.5704314427405,66.33167323535214
-1660.194606911701,-3.637807448631787
65375.97245683973,-352.2404334920307
9474.484922449252,2578.646886175238
-1799.4748427536342,156.38695701709656
-1685.6534771784698,2.310526781845915
-1757.2566545925426,28.565233396883276
-1699.7127969037492,53.71953989014955
-1791.9929288552194,200.9427556653341
-1671.2691618186568,3.133997076466533
-1796.5286514772692,57.060978191140066
-1765.1180011378788,-18.42986973966922
-1667.4640452490748,-110.65271437674419
-1753.9745419597775,-66.483383120763
-1718.8058922836456,120.75032637487894
-1695.5821186945343,4.937467781098258
-1667.671927491992,-95.37990189596736
-1715.6161412034248,44.93468368676624
-1681.7161072709632,30.730785481279522
-1667.669705802784,-137.43871189152932
-1784.2387131273092,86.98719061436213
-1799.3348099943935,177.27354443387355
-1796.4709281162352,125.81030248932883
-1776.967275492973,70.18130612776625
-1774.6212962959364,-24.891507219246176
-1775.7706509210389,33.82072321003994
-1771.210659729488,-39.325043902180305
-1790.3582070151772,-36.57175426785185
-1782.3282117334807,-17.453287429060317
-1792.7751986592555,59.86580428943601
-1796.9624533549152,237.1612586770826
-1793.3378107945841,48.006017429551754
-1790.2551855408744,162.32046538665736
-1783.968652434938,85.09801094096686
-1777.195449285948,55.76111280585068
-1530.690991076149,-105.88336321272254
-1792.06678019041,200.89875719206285
-1738.7146275744394,218.52911979820988
-1770.176619427748,8.084937859873621
-1783.979461902556,38.95320740805691
-1779.517755426189,51.21528495422108
-1781.3643335765241,37.527292839349734
57086.21324669822,-816.3075190666802
-1778.7758265210261,-24.338017136296674
-1791.876320865657,183.22920688927167
-1789.0806708593627,12.534905745261048
-1771.8183961679495,-46.858809249913726
-1774.0096080824367,-63.889844234541464
-1793.1243866411542,52.75402096931299
-1796.3956309253383,71.2919219062011
-1793.55410761217,25.966386044635527
-1797.8288861259205,211.40139322773706
-1790.4192172454234,76.2051645658677
-1798.0686873892334,174.4035080307368
-1795.0813640894435,8.065842319438858
-1794.6954671453873,157.50529483354848
-1799.172008757966,217.51447470476901
-1721.833737469776,9.466555378123417
-1747.2193375242107,29.09127007349872
-1800.8951918787916,197.03229370814307
-1740.70332972551,28.86292606396138
-1719.6928408969604,66.12327105176769
-1532.2488141644044,-261.2522179742947
76045.3411317419,3125.59092852709
-1686.1594368388392,-99.17227346037431
-1180.295867237691,-412.2294703259449
-1345.657720789629,-372.095975502386
-1028.836151668169,-424.815175961915
-1019.1560863961439,-444.05376311544825
-1643.5283224423024,-229.52863215072887
-1523.0709282873547,-312.26732285525173
-1526.1269431744604,-286.1285109591054
-999.0302655080653,-443.6349952912841
-965.0401800427398,-485.0413465045181
-999.996759476937,-450.5034050998152
-1794.2431623993605,81.84981686929663
-1802.8939340088143,143.60025267531174
-1799.0388749050385,183.36057231527917
-1802.2463544425739,92.29526168284848
-1803.2872139770889,183.16986030468732
-1795.4135597166185,133.5074356588719
-1800.5414332703008,94.81318490064672
-1799.265036383721,200.22532329210296
-1789.3545077396898,34.1670034266721
-1799.150709703485,61.76681479961271
-1669.9543392636178,-19.372505324657418
-1781.0735963665754,-72.21628897578995
-1769.705691941135,4.198585911090484
-1799.6464055273782,67.16338752347356
-1796.3103001973166,10.006768121880947
-1786.666189819877,-58.03350259625352
-1749.8990549213663,-123.60253171606038
-1714.1596581919378,-132.36767681104857
-1755.295745669533,-97.22180721679979
14973.066290123134,2319.108400767184
-1764.4031055531373,-59.46535694055445
-1756.8062018233795,-20.240428898178553
-1787.6444730687479,7.338086397559323
-1790.4735986676453,76.92565262285494
-1799.708333199968,-25.626915319792452
-1793.8432878379206,8.5758705167716
-1794.6584741656773,47.212117794126264
-1802.9149676714098,145.9042458589451
-1803.0998119345606,137.6989847932899
-1797.7589366314285,83.78710010641039
-1799.7368736646695,272.1935826729955
-1798.4382679037794,119.8157924308446
-1318.4570035141708,-223.39057590683183
-1762.3816468392295,33.769553950705784
-1760.0757605700592,19.34142996650474
-1764.6528675012482,-32.16271789966154
-1783.685675616805,33.59186702337193
-1743.6849360195874,-52.68245304084581
-1782.9897571216563,132.5257436676266
-1801.3470319816583,177.64465533361428
-1794.4159024460737,70.85375218785464
-1754.3168100338348,129.6199110136866
-1799.00943925048,118.24301665207413
-1780.418615020952,193.25011318390796
-1645.6498817429083,-89.50803169161831
-1764.967686640277,-74.17334169883556
-1646.5568673346938,-167.0432745302154
-1793.41196195347,-21.60612722319735
-1640.0306069156757,98.47268414114299
-1763.5308014308268,60.19098302160377
-1790.3803111453076,91.90683905366977
-1759.0806433226333,-41.827377554071425
-1631.17735573477,-138.63536236316708
-1755.0033607866146,116.44959715323908
-1713.2704948544972,95.08990638539343
-1683.224541422212,-75.0335460631175
-1685.0545624202905,-15.60462234015113
-1755.3035669076446,227.8151213016964
-1757.5423297054947,35.015429381985285
-1795.0935519000786,39.39152670763952
-1794.5312317188645,89.67130106313184
58301.28863382339,856.5351476568213
-530.8486534948931,296.99977187533335
-1768.9939814589259,114.40718575438316
-1787.0605981777753,127.67441424948231
-1794.3749143174002,120.18066106280916
-1801.5255227938421,178.48133298236468
-1798.8434588130874,62.07163381248798
-1485.1023821240701,175.23577837885725
-1802.0752780399469,280.8428076001984
-1805.3731543288716,296.5009323934056
-1803.9159676396046,204.94099735038046
-1802.9536566825652,203.31008538475155
-1803.3369172818916,236.41959116190256
-1799.019689682538,72.80726714458821
-1656.2950554936313,-188.29064354784242
-1647.7072950773015,-176.04671852720892
-1730.1675702794705,-37.815120074565456
-1637.5287580162606,-210.6959213650955
-1578.6727727592731,-250.64326375062518
-1618.7363739415077,-212.6293704821925
-1761.1236787642315,-26.158349126730112
-1541.2459839894077,-202.61448366550133
-1740.5346971321198,-60.20022267780754
-1793.564838230371,186.82670854196246
-1576.7141247028906,-200.24359586919704
-1776.3067188600558,32.30206808414601
-1597.4688236008055,-107.21176850001507
-1777.1150535146573,85.58411319037985
-1688.6684388815277,-105.49459079356625
-1625.6662380615487,-81.33604609258477
64650.586253736816,2665.5379094128934
-1770.3479934919321,124.00054994886882
-1779.4268931071556,58.26134206507379
-1731.3742629739759,255.92998619898898
-1661.4729904852832,128.41163589697103
-1733.0024339132756,289.4835440966776
-1788.9211721515471,251.84720482607608
-1431.4957494659182,44.97745471750546
-1459.0994486601471,-220.78165318000447
14100.862156924064,878.0977555432881
-1782.5534007230265,-26.54759417624321
-1776.476167338339,-17.578291001865633
-1771.2287850956068,-37.97401903337671
-1765.7673273168439,-129.88631197168945
-1790.2180581529785,64.55243557300047
-1772.8430531866866,-12.491464974226558
-1790.3554849945585,62.84236598531111
-1800.5882100484387,174.53592722897497
-1793.0895152272633,87.20451061112014
-1784.392028948709,-8.218087726708008
-1798.4849628066925,147.4222497558915
-1796.9569115348522,40.612126525526314
2379.74132253454,551.9377238082194
-1754.252593753438,-104.09634561865073
-989.6167369080873,-66.98192294255023
-1771.736122956006,-76.49274974720565
-1570.2218722893588,-107.97709762072368
-1776.9648587790027,86.21893394631351
-1757.0385151304658,121.48600856729844
-1796.351033088181,195.4179941464673
-1799.856456504766,287.4420177630402
-1793.6869657070058,261.8251893941528
-1793.3336295881163,200.14244982026779
-1780.8108107708442,72.03924418928558
-1799.9940163753727,207.39667343371792
-1787.974128679008,-20.246109843288078
70054.25234038763,4500.872194057977
-1755.2594286776184,-107.66386956649573
-1677.7329821763112,-69.04510171977458
-1776.217037569558,-35.31408955207684
-1789.987437105302,33.76220808964651
-1797.878533783065,152.21340912746953
-1776.0542503804115,-63.919411911858994
-1784.9609041447181,17.88848867041272
-1785.39887300489,59.76668098294274
-1754.9634925315722,-110.56133470612978
-1797.6593042715856,115.86448272887937
-1765.105060655133,-56.8200121934795
-1447.7698186005825,-266.90671181200145
-1735.734993165451,-86.356611048559
-1765.4968695355285,-38.07800970525805
1110.4567068173642,47.82268121618664
-1753.8413851205862,-95.03168610474965
-1695.3959506928152,-163.41485961741532
-1503.5207170087208,-265.2728566253527
-1755.6781433089404,-107.8363645299769
-1739.5058428110465,-130.11588231282948
-1667.4648509540978,-238.68371424686106
-1754.6132507246073,-97.83233288951654
-1757.9821594368025,-81.09306932270532
-1768.6669099219462,-106.23068406966968
-1770.7781174695676,88.16239221720805
-1623.417068145054,-118.83307204103892
-1652.8496402860726,-173.27163952811432
-1786.4297613488102,108.98607456616574
-1756.7915039548966,185.04749532243625
-1624.594361281391,-122.63894625945522
-1774.8726657459388,-7.605648758522685
-1740.8370847612043,80.58485365160557
-1796.4735058002575,47.97878436517736
-1784.8865592393854,18.335279917393745
-1800.2105769766233,215.28102476261446
-1730.0898669441335,19.606062411205098
-1778.2620263952733,84.81715673064596
-1797.5689740917674,261.698036877969
-1726.6596156530754,-9.297386914498444
63943.9203185274,3259.5245079078995
-1797.8634385590776,135.12093291707168
-1780.7290069428389,94.06974743822472
-1741.9875870361425,-135.66378270108308
-1792.797347846885,147.42174530060427
-1794.9608751735918,178.67117133291555
-1775.8851929654845,112.00600504989055
-1708.4273322292363,-117.1796888212005
-1754.6318898791253,-188.2317087158901
-1769.9862156603654,-106.04196747977018
-1769.6087019863016,-164.32023046626665
-1763.8851066108168,-118.28421246664814
-1771.004960406642,-123.02919841213563
-1576.0861144822445,-227.61779463577557
-1726.1855639278326,-112.94902964791683
-1670.984907606252,-184.92127633503762
-1463.6567779028896,-248.29701124705667
-1470.629039315445,-272.1674559512293
-1733.1070690599156,-190.10439642035456
-1506.241735634477,-236.96929470189428
-1592.6403173288404,-207.42865042289174
-1470.5639785043024,-284.5636610983003
-1314.3513659633334,-269.3154183785156
-1661.9521858948553,-177.0573841349918
-1761.166992228646,-8.844685750070466
-1786.7938372665503,13.987077646706636
-1793.0763322874777,1.7727949068999567
-1786.4847497378923,-66.49178792999429
-1793.494264126076,28.20836910539982
-1797.0732484373846,65.53805416832812
-1797.7612939204278,31.018979192608384
-1801.5247762481615,156.40745406094746
-1800.25352061393,148.31677197532753
-1689.8684058733822,-38.47845576855392
-1742.6577109953612,-28.96433094499614
-1774.4251504508707,15.819558669049705
-1471.554153103894,-247.98466344789168
-1675.7813593837768,-126.95739275900502
-1731.2015600236718,-35.35372476152172
-1336.2742153737017,-296.4573257096607
-1661.4247961108515,-134.52228889454685
-1563.4797548636552,-209.71492825372033
-1082.4646165000033,-437.3343113478283
-1272.5214449092766,-363.8325802661061
-1330.1531782227978,-305.55433752321636
-1582.466878171268,-216.5922851556666
-1671.9783201906528,-154.69589394869863
-1551.345206502513,-173.14972134321854
-1623.2621856212309,-169.05237597339337
-1621.531071818379,-128.94521277289422
-1439.0917220344252,-199.66629466321064
-650.7849002824262,-513.3959145278963
-931.5286910892894,-486.5891088660041
-931.1429069731246,-488.01446547246627
-1294.885703040322,-328.0950733216011
-1584.4913545760523,-224.84257852979962
-1296.0942378208292,-380.25626183447844
-1685.693606190516,-65.67986653157371
-1643.4068184770258,-36.32165875069752
-1669.7208589420966,-238.61255853184576
-1720.7057207841376,-142.75087447625287
-1745.181483487832,-146.65151454273789
-1781.6884799808788,-38.49074025313097
-1637.0525410206187,-134.95460540534668
-1510.6780618684909,-206.01054801259153
-1082.6603950694762,-373.8010874182506
-1291.7897043263251,-344.23873780548286
-1505.6268831422003,-250.11056529962852
-1693.4209818746822,-199.00434186923704
-1530.8836423812609,-135.85823075205926
-1675.6585188711533,-145.69058520166558
-1725.5448481881408,-172.7822449444939
-1762.9492643878061,-19.291885918240652
-1794.591880651474,43.323111483115454
-1758.271831411994,1.717871653244844
-732.1064330200278,252.85299059926743
-1801.1458733879742,127.71932641668718
-1794.3785758304755,56.930452940632044
-1638.8296633003545,-212.5303231920347
-1696.4606756809117,-99.40411691634179
-1769.1188277873825,-57.879238890131774
-1750.0997147453027,-104.27531180648182
-1786.4061996409048,76.8046568095882
-1795.0547806797263,75.50022226901062
-1785.4037448529357,29.886919666204186
-1795.1044099861451,100.31766646088354
-1488.9120603813049,-202.06710979177132
-1740.7841975222211,-83.08395655405522
-1701.458563705343,-139.13136775700383
-1660.1726046950505,-133.48025266059227
-1767.8243545542982,-18.83670835518688
-1771.0694014915985,-45.74404561642626
-1768.4551608712056,-52.01724977200323
-1778.3457313240997,3.4619665343299757
-1751.8120099400892,-142.17908504589207
-1761.290876223668,-111.39210506082217
-1780.175535657005,-39.83438867821039
-1794.292413210527,16.210557969443983
-1791.6114896441586,125.8301789408419
-1796.2821641139326,0.5116104655321353
-1637.4603045516344,-140.10338728209965
-1735.4029118050944,-183.279431470923
-1765.617930143146,-220.30868323912185
-1796.6276653172438,3.9963653823753553
-1771.810602022342,97.34770915688084
-1751.0799147425062,-62.40066431228735
-1724.0351368967247,-169.41092482391832
-1504.1600060406747,-308.4928691040319
-1718.3081989494065,12.351757413160557
-1712.10828683069,-110.79122896248712
-1505.574645011962,-164.29160639780602
-1784.8603924427284,21.778324381006467
-1406.8048750055461,-285.9590280741378
-1683.7466865702515,-125.94624236502517
-1721.4695262022635,-67.26439198395022
-1710.383222955765,-62.52393719898549
-1805.2426965229956,338.05100754911786
-1801.6296710917024,200.77971365079847
-1797.584826006753,166.63223707565606
-1798.7769623126496,196.32817868612173
-1801.6695036263582,241.35269640542083
-1793.670729763539,100.86912412909328
-1795.0873915347775,70.08133229318
-1791.352044845867,-35.49537963523755
-1792.4463389686605,88.6837239253616
1649.2833574663673,386.39437057013475
-1764.78298088012,-80.05421291157896
-1786.3870314111473,-43.735352618089976
-1788.9764132054381,-53.49014733370237
-1785.938862711501,-9.403551735939278
-1794.3738439942733,85.20705899828256
-1788.3929303483053,-5.149657697177707
-1780.0334996258018,63.320832273945506
-1755.5847997459807,35.91161065965669
-1796.0053855969988,82.47374978294376
-1756.7013002282977,-63.213820727011345
-1804.619071495999,324.07415739885334
-1792.4185985777199,375.6787043782315
-1759.736352898468,54.55972192091416
-1796.282410000045,132.88699529002673
-1801.2836428505468,210.05092340075615
1775.4030509144054,196.95048559919067
57427.41825122715,2488.9935099864488
-1704.6379153829505,168.06690836086716
-1765.0350169585295,-48.53199135890299
-1796.5556208168612,212.00115183173224
-1743.20712630952,-57.83676727565808
-1793.947428110964,115.41872848805868
-1796.0122303528758,-14.608822599414918
-1801.542092546038,300.586562023475
-1801.0175616167053,32.57264675652081
-1781.5990166992713,135.0039708650807
-1786.9064534699023,-10.0046200876799
-1709.7626483563083,-121.5832275407382
-1772.817447544989,-178.45924499727926
-1792.6322031862967,-55.59168795597376
-1769.67167942132,-66.18117299647704
-1789.563664931025,93.1852918530752
-1773.8669734428688,-129.7997311150702
-1782.6670309861413,-72.42206257284491
-1790.2854002509648,-77.22324285166151
-1785.5262375132636,-109.40400613861392
-1769.7669435849302,-101.9134852139801
-1788.4113084113922,-42.095120370405354
-1786.5716313463492,103.0101309389533
-1796.6572658490552,160.31319714813404
-1799.4399007650397,147.92899920888303
-1796.6470549535543,143.9154976970567
-1753.6038452178148,-81.43045093970049
-1794.2140231936337,121.44401033789254
-1767.8350535152897,-64.30462780869216
-1771.5298904288761,-58.56883554112932
-1787.807751918863,16.20055768079497
-1786.1565923500134,-35.03109970539112
-1788.5431934652747,-1.5102579258753586
-1753.158415463774,-56.22630770903022
-1691.7736746150629,-169.65125456167166
-1753.7959018989009,-100.18370065695602
-1669.3935778836344,-12.948763118307541
-1797.7780810365066,170.60089752805806
-1737.09516826365,-37.096388635281535
-1793.7438619515901,49.848263308620425
-1796.409292241408,34.58437294686244
-1759.2583875578753,-125.02437908293376
-1798.5251110068955,44.09390624014149
-1807.8386297186487,577.2540034611505
-1799.561538578271,119.71027459596739
-1803.919220642277,424.7081178386562
-1789.8086720512913,182.71924665734682
-1788.0270244236478,17.442646812725645
-1773.3406860720208,-54.35257819995194
-1779.7356326975419,-70.19017959081178
-1766.4100920271212,-102.8769444193137
-1756.4484288958995,-115.31736899316311
-1796.1759423545868,229.2365042092152
-1808.9079554009438,444.37303124932436
-1783.1416058225175,79.97977580783518
-1657.879387710426,237.7012955507384
-1777.4876111629248,362.91034724667173
-1800.6104836519037,477.35434734396944
-1808.670619397706,477.2111904414365
-1784.338942222844,-36.40548208709324
-1742.460806119859,-87.07572788233482
-1755.6351042490571,-199.02437368512383
-1773.8604189906841,11.606659069310506
-1780.942382043418,-91.9822275896052
-1792.8294427578426,135.89637703075127
-1752.0558798174636,-183.3150173061513
-1773.1361978045902,-101.37911781031507
-1760.1546185064653,-147.38407722046674
-1786.8303717156593,-102.794812837296
-1769.84441865877,-120.24713404773192
-1790.861004511938,-15.677420511816516
-1776.0034874577416,-0.8869126817239865
-1792.8775917334328,249.63397026451167
-1758.0444994914744,-165.38152071823828
45308.10265706494,689.0491131016404
-1714.2370510221067,124.38949998175892
-1784.6683718523104,-57.965827232484315
113889.79911601917,-3409.7831657579404
47028.174115322094,4078.988228639906
-1698.8375934705466,-82.28622178486813
-1781.856459133219,-102.80770428326032
-1780.6767579699915,-53.57625393589419
-1794.299849100219,17.910388033333696
-1759.6241826183518,-88.77024300217151
-1779.6469509286098,179.4097463210374
-1764.9201818963616,-55.838234820272305
-1786.7093683027517,-47.575590880757005
-1766.8867249645266,-52.42653227480325
-1712.134522222527,-27.43726414244736
-1732.35600121982,-139.56803217636156
-1630.8854129887895,-277.92831380132077
-1761.4618036681843,-182.1075681468482
-1098.6555324332974,-377.04813011454684
-1648.7759792446075,-203.894032256764
-1633.0061591465935,-125.65647485716869
-1636.7862871373632,-144.3996264775146
-1549.8704150560827,-261.0311633559156
-1743.6488899674705,-172.84912562891114
-1588.6731604305012,-220.58597617203776
-1764.0478993931665,-43.38036425516619
-1275.78265261231,-343.76356620426174
-1685.471263710555,-147.47203388377827
-1293.1853617958611,-332.46859424004145
-1586.249042373762,-218.70305279689336
-1555.642030440695,-199.83438595670808
-1472.0529986769573,-287.91413838384244
-1625.4281981495744,-204.8240067672157
-1581.5002747534847,-221.399268822692
-1681.3258509125087,-229.62905337849858
-1474.66996561355,-250.91292131507157
-1452.6166813694558,-176.98564783429006
-1748.7054219625334,-146.27182523899322
-1748.320755195095,-83.27979240479567
-1384.5511972642246,-286.630768056038
-1728.0779446857098,-92.10001731234412
-1587.551618224721,-222.58898789814617
-1709.2939910842808,-182.95843702712818
-1696.4719779569498,-84.73969643931072
-1762.935227493584,-214.1800583454102
-1797.7492218434445,87.45089357586652
-1759.8738345079473,-100.67492327997684
-1657.384696609338,-177.59546465660645
-1566.6197605876168,-127.62023576517969
-1457.5257647141593,-84.53560378264936
-1707.110914439801,-123.51977901680849
-1582.5309852588764,-239.0768680373257
-1561.6497928954047,-254.8612907336807
-1708.1258701288148,-150.77252184760445
-1543.2223674700517,-272.62255870650546
-1662.630689729747,-244.60190615284534
-1595.1509256395748,-273.9721076340911
-1636.4252560224984,-223.52819053477864
-1567.0976556455541,-271.98494343980195
-1445.481803290289,-325.9973980056227
-1617.7790143337215,-256.4832192455507
-1721.696940592323,-151.22690155421006
-1774.4088705746553,-131.98354047670327
-1798.40099515914,180.17727881436937
-1794.6251989620293,71.19490123628091
-1796.3148869831762,73.49250169748893
-1757.0669561926347,-145.93112744909868
-1376.1448547480036,-314.59415228879084
-1752.276932139282,-209.07888368213938
-1468.4195954380311,-273.6385580974102
-1767.1018252989852,-138.57564894946574
-1788.0721811057335,-39.801736862133424
-1748.644407097091,-171.34128356880123
-1779.7247310636537,-126.93732938758012
-1791.3378154206634,-8.349123029616525
-1768.234440531453,-136.47260571758721
-1758.7445876153279,-61.27619240028505
-1125.3647429208088,-203.33869765480074
-1752.2237873410093,-165.70491019482202
-1332.111899190185,-275.8834256039176
-1760.0865695196928,-126.63759836252603
-1568.1427177513813,-221.4077037878745
-1666.0535873676254,-103.57722854697002
-1360.0108211294964,-327.6305387791338
-1428.0655137482552,-336.63183357250614
-1367.3584532495815,-350.2176030418064
-1622.636982048065,-230.06129997133186
-1757.0379985604802,-82.16125660644286
-1736.3472693138026,-85.11393418109255
-1752.4453875440206,45.58254207104827
-1744.358519696698,-79.51269548524553
-1724.8128943486497,130.976578413007
-1450.5292134290617,-102.53399879178713
-1663.6445542570439,-216.9366213514998
-1507.1452632742416,-193.26099880963073
-1272.9238816624581,-297.1048156928497
145.57642419667764,-656.4756429729961
-792.0751261997132,-488.9676902957761
-1419.1520432177783,-288.3933637605834
-1730.1094673186562,32.59413706852172
-1746.5663758225849,-55.97300780178619
-1719.616765098175,-44.52359305300274
-1736.641036581292,-146.4048140794609
-1761.0422254947346,-131.8105046320115
-1755.362379259206,-130.97851026905917
-1589.3986498771021,-173.30077051268964
-1772.7119214893105,-95.33082169546408
-1712.32752841483,-73.84240960435892
-1645.167385058587,8.34336396013577
-1713.9603656742725,131.39001714457456
-1778.276562979389,-82.00015044369945
-1790.4618006278288,54.378740935073566
-1794.309830856876,2.895987471805709
-1787.609580191494,97.41648868089487
-1794.1585604511374,65.8330635437888
-1710.8337919792275,-36.51192671135881
-1746.7783887992184,-137.12405353623177
-1743.6102397167983,32.014137572791206
-1784.4982558392687,-56.269135861565296
-1778.0879746327787,0.10914042008149892
-1784.1771658488053,16.434770620712
-1787.1899623110598,26.41453942110881
-1777.081103589848,-70.0974398662588
-1752.132178082429,-22.565841527343
-1787.5134975148062,4.3657189792023825
-1777.9364609203642,-15.754307313684869
-1775.880686505935,-84.9234211393578
-1774.0845514624366,-77.74998566891635
-1775.629995970196,-104.21618089956254
-1756.0349476748293,-83.48557718148456
-1748.2725506567754,-37.6363252080386
-1757.3010330640448,-90.79316728237146
-1780.5942511459143,-26.56453374853045
-1787.9330088351307,34.57643692653331
-1712.9343184437657,126.08257929549953
2227.6016882243302,-269.44224453739497
9343.89569231319,-346.8532995195084
-1779.268438742703,18.937387042394057
-1782.406877457044,-91.61823336606753
-1752.5874691993654,125.02936628889191
27847.691065064577,2185.7386925882874
-1787.3929836020704,368.52985556309505
-1649.6315097808927,-7.471356866994491
-1614.5049827871378,-67.76580474950099
107719.73018845136,-3072.20857923356
1325.9535199844934,-361.2943879571286
2522.236436507544,94.04683035960952
-1680.5294644924902,-37.63473416637095
-1733.4548020372843,239.56515548669503
77784.70208775853,-113.92758575319306
-1736.839651798865,102.89589281002488
-1690.4330023868476,-84.06808939445146
-1556.063422357687,-94.64140047125339
-1603.2591990452793,-136.54574771982186
-1702.4982430895113,-39.88804066652847
-1015.6727650176214,-33.095055493475044
-1337.550045496099,-324.0307813357047
-1500.3728355065532,-227.18953125766254
-1433.480424290191,36.737646678894635
-1484.2210778987887,-45.80490513756501
-1411.062267685714,-234.579475837703
-1571.2062947125366,-272.31317494005106
-1799.3370108938038,140.20934065429847
-1782.0321079815576,-106.13137734156399
-1090.9962668634519,-368.4817990289066
-1591.2491517422511,-231.69266609570244
-676.0474118482472,-496.3444822651851
-1192.7473541704449,-400.6728450883561
-1352.6623068746007,-345.4633761705203
-848.4257472945473,-490.36526722251443
-805.9553257016036,-502.4828471644179
-1748.2788701229065,-132.24100685759353
-1745.0092881423714,-159.97188546961647
-1760.595797242553,-138.04057626966022
-1196.9231865383408,-405.55795320145074
-1468.3338525408099,-183.87077443417894
-1123.6791667157238,-425.6063149445075
-1225.4458350991445,-310.8578471395498
-1450.257127195186,-281.50619634037605
-1789.286163158327,-48.11102213208084
-1619.594671413948,-145.47122521160907
-1459.139690574014,-288.52146725308165
-1521.0751818485226,-246.66926029607362
-1490.4171137392345,-231.7857203427634
-1575.6484963821874,-123.32172511494531
79594.1426465149,1950.9857120894426
5203.96684114839,108.91546415786712
-1778.282505893323,-141.20010531648302
-1724.015556789813,-151.65862168044936
-1782.1666316586166,-78.15138391298308
-1736.2953316477306,-3.5561881493162546
1003.7708265109638,614.399561866692
-1796.0561766288695,-7.638092642929603
-1702.7696079068257,-37.55351660658415
-1763.6683752869528,-32.38572828603584
-1751.9160483452333,-216.03930315102045
-1774.5280269164432,-149.99953738397153
-1741.7276596843815,-104.65177481899302
-1456.840181224879,-131.94168784024598
-1660.6123705331634,-137.29696049453668
-1500.4398350978136,-114.42211418642225
1383.8540561927828,657.6856183613785
-1278.2375693602764,-238.2928999767189
-1676.2840696943654,-175.39579917120636
-1646.5604806648616,-37.70575595315032
-1641.4387597336488,-113.89167540423975
-1623.4392953438994,465.7361159358669
104460.7341411099,598.0325630810071
-1755.5630974097019,-36.55743135000792
-1730.7776629532673,4.283106355187771
-1756.3114367782216,-14.374327487907456
-1781.359737103911,-79.1198825770934
-1598.9973240246177,87.53621420676136
-1358.3547736035866,-201.1904009272579
-1397.7583510649347,-214.89447103553172
-1530.380941124685,-231.6860581745105
-1590.3651657224325,-182.61197422466006
-1567.7896492702212,-151.59598059546326
-1195.666914939241,-415.74126222406943
-1529.9398807635891,-263.66313013248623
-1452.901885252906,-76.37771477052097
-1657.5924907606425,26.05166255693479
-1180.5694324346373,-267.5428055391033
-1441.0832188493175,-244.16252978318568
-1385.4853691262806,-198.3565707926942
-1633.3689363560732,-151.09387210763919
-1399.9275475214472,-151.93934816791491
-1639.2195922792682,-154.0523663371771
-1454.0707596975076,-297.18464786349233
-1770.9240932377388,-11.981399280233997
-1734.8237967698892,-43.86510188494158
-1761.2367807640123,122.99838901512945
-1770.0382185109079,206.97799670962124
-1732.6046196575903,174.69976495382915
-1793.5956063122344,54.803443403289464
-434.115578587441,-158.01830691116874
-1340.399289827888,-53.867416942581
-1790.381692609429,5.189495289560417
-1789.501112851805,56.85232328389114
-1788.6899092261945,31.34798936288006
-1780.0998957858255,93.18533922165518
-1749.6506508681396,4.444619879541002
-1729.3772704143748,-2.4007202359713253
47762.33179457733,-1029.3624571278267
-1177.2320775437877,-330.54176184660537
-1788.2269284164095,7.4527100689183365
-725.0505224468438,-388.1291445122267
-1790.4623881678363,103.93349877373305
-1792.0833020178088,142.50518569741845
-1784.2748829656193,1.136729341693574
-1807.8952862063218,593.7241273807606
-1786.5142143302294,-101.77912791881394
-1790.8253123751517,0.3902311515868923
-1773.8948873284382,-117.85135973192179
-1617.1855947090414,-206.28893370765556
-1647.2785091251044,-200.7475479621125
-1375.895545076091,-153.55634759385595
-1704.5401865129181,-250.00890829972354
-1484.605930918212,-297.07917276389384
-1272.6080751771767,-368.08574317352713
-1547.16835010553,-246.24258539020363
-355.121324133541,-595.1107121466301
-1057.5728466053142,-410.8968835425113
-593.8765373600704,-538.3097056708167
-1730.7158323166664,17.51505574517721
-912.1384843086713,-378.3983657849006
-1424.8105583169986,-226.8894128401916
-1795.6961062597602,89.34417026131597
-1733.7373952433377,-210.79468306434828
-1721.1449867346391,-228.4274927326649
-1678.4002092732064,-282.6078668733637
-1534.5890892520874,-229.0724406457643
-1175.9956953912442,-298.24845759681716
-1621.4249403183571,-243.04919416818618
-1617.9396268125745,-181.08212036294844
-1511.6705337035478,-228.4752787163888
-1769.3451596062896,240.10324132890923
-1711.2883823261607,-27.166925759312416
-1744.474155560022,98.85610054985325
-1187.2860450296916,-393.1539540779885
-1631.4884450945049,-252.42882319337792
-1489.9890038538842,-206.1573988788199
-1618.390358141251,-206.6983718962284
-1661.8817521681433,-185.90508106413444
-1748.8979916213077,-122.95978417509816
-1611.1342052175378,-87.80909653392776
-1776.2509185362844,9.44440650799143
